Model,Accuracy,F1,Precision,Recall,ROC_AUC
LogisticRegression,0.35835713584250933,0.06190212673718141,0.1667296769457271,0.1147952460709833,
SVM,0.35659552572914144,0.062266361380627425,0.21076060199439933,0.11441244653129012,
RandomForest,0.359036636749608,0.06350750370583946,0.24428014142573756,0.11555194996273943,
NaiveBayes,0.3585584704708328,0.06240553198187733,0.16909108042129756,0.11502231288822236,
